{
  "nodeLayouts": {
    "inputs": {
      "x": 717.5,
      "y": 42,
      "index": -1
    },
    "outputs": {
      "x": 647.3057366077599,
      "y": 952.1992849489747,
      "index": -1
    },
    "DetermineIntent": {
      "x": 480,
      "y": 176,
      "index": 0
    },
    "ExtractIntent": {
      "x": 643.352072823817,
      "y": 297.6534588746201,
      "index": 1
    },
    "RetrieveDocuments": {
      "x": 605.4557506757121,
      "y": 403.63436962681936,
      "index": 2
    },
    "FormatRetrievedDocuments": {
      "x": 470,
      "y": 578,
      "index": 3
    },
    "FormatConversation": {
      "x": 140,
      "y": 578,
      "index": 4
    },
    "DetermineReply": {
      "x": 470,
      "y": 712,
      "index": 5
    },
    "FormatReply": {
      "x": 470,
      "y": 846,
      "index": 6
    }
  },
  "orientation": "Vertical"
}